"","month","Mean","Min","Max","SD"
"1","Jan",56.15,25,96,15.1250054371456
"2","Feb",51.4,27,77,11.997368132439
"3","Mar",53.3,33,85,14.9845534503122
"4","Apr",64.35,39,98,16.0468885326392
"5","May",62.95,39,92,13.9452878289255
"6","Jun",58.3,41,73,9.26282894152753
"7","Jul",58.4,31,91,16.3687764388565
"8","Aug",63.5,44,85,12.2839218835885
"9","Sep",63.3,33,106,17.3602692193532
"10","Oct",59.6,17,93,20.5897266156028
"11","Nov",63.3,36,88,12.490417379567
"12","Dec",62.05,12,104,18.9860752297988
